id,first_name,last_name,email,gender,ip_address
1,Rona,Clapperton,rclapperton0@mayoclinic.com,Female,91.84.22.225
2,Camel,Fardoe,cfardoe1@va.gov,Female,160.135.24.181
3,Panchito,Tansly,ptansly2@desdev.cn,Male,1.91.186.104
4,Tybalt,Galvin,tgalvin3@comcast.net,Male,10.141.161.135
5,Jemima,Noriega,jnoriega4@adobe.com,Female,228.229.114.39
6,Fergus,Shilliday,fshilliday5@networksolutions.com,Polygender,241.84.40.228
7,Clayborn,Wink,cwink6@nationalgeographic.com,Male,62.30.159.17
8,Burr,de Broke,bdebroke7@unblog.fr,Male,92.79.3.32
9,Benedicta,Utterson,butterson8@cbslocal.com,Female,251.58.235.13
10,Marleah,Cowndley,mcowndley9@cloudflare.com,Female,11.135.92.168
11,Annissa,Strethill,astrethilla@ft.com,Female,112.114.239.19
12,Davita,Wackley,dwackleyb@blogs.com,Genderqueer,234.24.140.219
13,Bentlee,De Ambrosi,bdeambrosic@java.com,Bigender,6.92.148.1
14,Maryellen,MacUchadair,mmacuchadaird@mit.edu,Genderfluid,213.10.181.2
15,Amandie,Van Brug,avanbruge@examiner.com,Female,186.237.199.243
16,Hubie,Woodrough,hwoodroughf@weebly.com,Male,175.5.110.75
17,Rutger,Bourne,rbourneg@ning.com,Male,19.9.229.143
18,Brennan,Falconer,bfalconerh@wired.com,Genderqueer,227.182.229.21
19,Teddie,Scriviner,tscrivineri@live.com,Male,177.147.55.191
20,Hillary,Buesnel,hbuesnelj@macromedia.com,Male,225.104.149.59
21,Penny,Jerche,pjerchek@soundcloud.com,Genderqueer,196.188.105.172
22,Kym,Zoane,kzoanel@cdc.gov,Female,66.71.159.70
23,Papagena,Worham,pworhamm@berkeley.edu,Female,205.51.166.217
24,Jamison,St. Quentin,jstquentinn@hexun.com,Polygender,163.75.255.96
25,Deane,Whetland,dwhetlando@wsj.com,Male,244.203.214.60
26,Audy,Moncaster,amoncasterp@google.nl,Female,59.100.47.147
27,Araldo,Benardet,abenardetq@smugmug.com,Male,187.104.138.144
28,Derby,Atkyns,datkynsr@wix.com,Male,222.162.236.34
29,Sergio,Paulat,spaulats@scientificamerican.com,Genderfluid,210.220.195.20
30,Rosamund,Channon,rchannont@discovery.com,Female,116.232.27.107
31,Dietrich,Crowden,dcrowdenu@pagesperso-orange.fr,Male,236.81.244.14
32,Codi,Mattiuzzi,cmattiuzziv@ucsd.edu,Female,137.224.31.2
33,Ryann,Giacomelli,rgiacomelliw@last.fm,Female,44.194.112.221
34,Kiley,Imlacke,kimlackex@tinyurl.com,Male,114.165.121.229
35,Collette,Abramovitz,cabramovitzy@tmall.com,Female,244.167.27.199
36,Jacquie,Staton,jstatonz@cpanel.net,Female,203.85.105.49
37,Chrisse,Domanek,cdomanek10@dailymotion.com,Male,248.80.173.9
38,Nessy,Barensen,nbarensen11@ow.ly,Female,81.182.53.95
39,Hulda,Beak,hbeak12@ed.gov,Genderfluid,215.239.221.124
40,Vivyanne,Pennone,vpennone13@squidoo.com,Genderqueer,250.219.238.11
41,Laney,Blakely,lblakely14@hibu.com,Male,5.123.170.23
42,Isahella,Lock,ilock15@exblog.jp,Female,211.222.7.76
43,Sterne,Lavarack,slavarack16@imageshack.us,Male,50.181.82.201
44,Marchelle,Pates,mpates17@princeton.edu,Female,149.72.75.217
45,Margaux,Caplen,mcaplen18@oakley.com,Female,10.173.97.64
46,Emelina,Daenen,edaenen19@imgur.com,Female,159.61.64.89
47,Michail,Tommaseo,mtommaseo1a@bigcartel.com,Male,32.78.91.23
48,Wheeler,Rowlin,wrowlin1b@arizona.edu,Male,15.90.103.162
49,Oby,Muscat,omuscat1c@zdnet.com,Bigender,33.25.133.89
50,Margret,Carnihan,mcarnihan1d@t-online.de,Female,102.88.26.31
51,Rudie,Oriel,roriel1e@rediff.com,Male,89.67.252.194
52,Dyana,Brusle,dbrusle1f@unesco.org,Female,181.45.163.204
53,Sanson,Brougham,sbrougham1g@telegraph.co.uk,Male,154.132.173.114
54,Sula,Huonic,shuonic1h@godaddy.com,Female,7.8.242.105
55,Simonette,Vany,svany1i@ovh.net,Female,189.92.225.35
56,Camilla,De Giorgio,cdegiorgio1j@twitter.com,Female,160.78.131.245
57,Ashton,Tomadoni,atomadoni1k@studiopress.com,Male,92.113.27.63
58,Pennie,Oswell,poswell1l@samsung.com,Female,49.187.154.245
59,Sandro,Henken,shenken1m@jugem.jp,Male,177.83.7.171
60,Herbie,Farens,hfarens1n@wufoo.com,Male,156.4.181.93
61,Cullin,Crewes,ccrewes1o@bizjournals.com,Male,201.31.56.8
62,Elly,Hugli,ehugli1p@jugem.jp,Genderfluid,182.45.72.254
63,Susan,Cannon,scannon1q@upenn.edu,Female,104.126.188.176
64,Adriano,Borsi,aborsi1r@instagram.com,Male,81.47.36.217
65,Caty,Vennard,cvennard1s@issuu.com,Genderqueer,153.162.170.56
66,Felicio,Probate,fprobate1t@etsy.com,Male,2.132.65.105
67,Reece,Spinozzi,rspinozzi1u@sciencedaily.com,Male,73.212.132.75
68,Georgi,Cropper,gcropper1v@unesco.org,Male,31.129.234.9
69,Ingmar,Setter,isetter1w@pagesperso-orange.fr,Male,155.172.73.33
70,Jenny,Dwelly,jdwelly1x@ibm.com,Genderqueer,255.149.126.251
71,Garrek,Hazlegrove,ghazlegrove1y@dmoz.org,Non-binary,213.23.182.197
72,Darbee,Whifen,dwhifen1z@ask.com,Non-binary,63.95.0.229
73,Conny,De La Salle,cdelasalle20@quantcast.com,Female,216.19.195.247
74,Michal,Garnar,mgarnar21@arstechnica.com,Male,238.214.225.1
75,Neale,Sanpere,nsanpere22@flickr.com,Male,209.44.206.151
76,Stepha,Gonneau,sgonneau23@digg.com,Female,74.2.75.52
77,Rinaldo,McDougald,rmcdougald24@marriott.com,Male,158.68.167.46
78,Benoit,Dunning,bdunning25@printfriendly.com,Male,166.28.130.135
79,Filberte,Hollingsbee,fhollingsbee26@wikispaces.com,Male,164.240.221.238
80,Conrade,Montrose,cmontrose27@earthlink.net,Male,72.5.215.156
81,Stacia,Bagster,sbagster28@google.com.hk,Female,64.251.109.199
82,Maribel,Cottrell,mcottrell29@newsvine.com,Female,162.159.125.104
83,Dion,Fountian,dfountian2a@princeton.edu,Male,81.182.81.42
84,Ichabod,Billanie,ibillanie2b@google.pl,Male,68.113.195.160
85,Deborah,Trayling,dtrayling2c@xinhuanet.com,Female,187.58.247.122
86,Bonni,Pirrey,bpirrey2d@mtv.com,Female,142.119.157.123
87,Mora,Fermer,mfermer2e@senate.gov,Female,74.176.177.175
88,Erastus,Luna,eluna2f@weather.com,Agender,207.68.172.104
89,Bruno,Quantrell,bquantrell2g@jigsy.com,Male,152.7.117.24
90,Alvan,Marjoram,amarjoram2h@dailymail.co.uk,Non-binary,64.72.218.83
91,Lewie,Millwater,lmillwater2i@parallels.com,Male,245.42.120.163
92,Garret,Hof,ghof2j@prweb.com,Male,110.174.6.15
93,Kaia,McMychem,kmcmychem2k@google.cn,Female,7.242.243.92
94,Berty,Crouse,bcrouse2l@irs.gov,Female,197.8.221.170
95,Margalit,Skupinski,mskupinski2m@meetup.com,Agender,81.22.74.143
96,Garner,Chesworth,gchesworth2n@globo.com,Polygender,157.239.182.121
97,Gal,Flieg,gflieg2o@ocn.ne.jp,Male,133.14.235.230
98,Colan,Gribben,cgribben2p@last.fm,Genderfluid,119.186.111.23
99,Evan,Digance,edigance2q@storify.com,Male,74.139.213.181
100,Goraud,Bartleman,gbartleman2r@sourceforge.net,Polygender,73.25.27.223
101,Hunt,Stannis,hstannis2s@epa.gov,Male,5.17.14.71
102,Reba,Spriggin,rspriggin2t@sphinn.com,Female,219.100.226.170
103,Sherrie,Meekins,smeekins2u@comsenz.com,Female,135.147.223.156
104,Lishe,Pawlicki,lpawlicki2v@ftc.gov,Female,176.14.183.196
105,Gregoire,Ladell,gladell2w@squarespace.com,Male,98.207.249.138
106,Bonnibelle,Gronaver,bgronaver2x@pcworld.com,Female,137.43.194.97
107,Gwyn,Zaczek,gzaczek2y@4shared.com,Bigender,93.0.217.215
108,Judd,Pass,jpass2z@hao123.com,Male,15.48.153.237
109,Sam,Seeler,sseeler30@yandex.ru,Male,110.87.139.85
110,Phil,Feltoe,pfeltoe31@stumbleupon.com,Female,221.188.35.48
111,Anette,Heyfield,aheyfield32@stanford.edu,Female,136.102.76.254
112,Gussie,Sullivan,gsullivan33@state.gov,Female,194.255.80.137
113,Nerta,Dyter,ndyter34@constantcontact.com,Female,52.185.247.136
114,Emelina,Agius,eagius35@photobucket.com,Female,157.11.208.171
115,Blaire,Cleaton,bcleaton36@macromedia.com,Agender,100.213.116.24
116,Clarice,Sammon,csammon37@desdev.cn,Female,84.159.86.153
117,Sibeal,Wickenden,swickenden38@tiny.cc,Female,182.76.194.183
118,Cornelle,Baggiani,cbaggiani39@instagram.com,Female,233.127.222.1
119,Friedrich,Baker,fbaker3a@livejournal.com,Male,97.126.40.21
120,Clemente,Schulze,cschulze3b@dailymotion.com,Male,6.126.54.2
121,Alane,Yurmanovev,ayurmanovev3c@tiny.cc,Female,171.130.122.228
122,Aarika,Jennemann,ajennemann3d@topsy.com,Female,255.52.18.184
123,Rutger,Allbrook,rallbrook3e@spotify.com,Male,172.201.220.162
124,Verney,Fierman,vfierman3f@mysql.com,Male,255.121.244.110
125,Demetri,Robjohns,drobjohns3g@infoseek.co.jp,Male,22.111.176.0
126,Rochester,Vivien,rvivien3h@marriott.com,Male,25.122.5.105
127,Waldemar,Lassen,wlassen3i@comcast.net,Male,118.188.183.185
128,Jozef,Gudgeon,jgudgeon3j@paypal.com,Male,205.15.45.188
129,Archie,Davidai,adavidai3k@answers.com,Male,33.48.153.49
130,Zsazsa,Brimham,zbrimham3l@shop-pro.jp,Female,36.43.22.243
131,Rex,Dunster,rdunster3m@adobe.com,Male,81.106.14.228
132,Malia,Warnes,mwarnes3n@tinyurl.com,Female,144.154.139.213
133,Brose,Chase,bchase3o@cisco.com,Male,169.140.164.118
134,Romola,Vanderson,rvanderson3p@1und1.de,Female,227.210.12.189
135,Bobbie,Tofpik,btofpik3q@plala.or.jp,Female,55.197.106.58
136,Bridget,Galsworthy,bgalsworthy3r@globo.com,Female,214.171.242.46
137,Cecil,Shoebotham,cshoebotham3s@webs.com,Male,5.21.134.219
138,Dominique,Scemp,dscemp3t@sina.com.cn,Male,27.179.51.180
139,Berk,Manntschke,bmanntschke3u@bloglovin.com,Male,15.220.50.145
140,Elijah,Hanna,ehanna3v@slideshare.net,Male,50.155.162.185
141,Hubert,Peplow,hpeplow3w@ask.com,Male,208.145.37.21
142,Trey,Cowie,tcowie3x@slideshare.net,Male,53.22.114.138
143,Cecil,Frain,cfrain3y@live.com,Female,73.65.26.93
144,Zilvia,Anniwell,zanniwell3z@freewebs.com,Female,72.255.32.166
145,Boy,Aubrey,baubrey40@cbslocal.com,Male,217.206.137.80
146,Linell,Grewer,lgrewer41@yale.edu,Female,187.168.57.84
147,Shayne,Abson,sabson42@eepurl.com,Agender,181.142.240.158
148,Krystalle,Hammel,khammel43@woothemes.com,Female,127.159.43.177
149,Jim,Coghlin,jcoghlin44@storify.com,Male,213.47.123.63
150,Brigitta,Lilliman,blilliman45@nydailynews.com,Female,224.82.243.44
151,Amelie,Alenichicov,aalenichicov46@bigcartel.com,Polygender,154.30.111.78
152,Jayme,Fitzgerald,jfitzgerald47@elegantthemes.com,Male,225.38.73.69
153,Brigid,Griffith,bgriffith48@ebay.com,Female,4.26.132.192
154,Fanni,Stockle,fstockle49@ucsd.edu,Bigender,36.65.206.173
155,Goran,Deeney,gdeeney4a@diigo.com,Agender,173.77.59.149
156,Bobbee,Woliter,bwoliter4b@myspace.com,Female,194.12.155.234
157,Else,Pearce,epearce4c@ow.ly,Female,92.209.145.66
158,Ainslee,Dominici,adominici4d@cpanel.net,Polygender,68.74.204.168
159,Anderea,Antonetti,aantonetti4e@ning.com,Female,212.59.102.1
160,Zacharias,Leyban,zleyban4f@nydailynews.com,Male,157.149.27.187
161,Killy,Hovington,khovington4g@nationalgeographic.com,Non-binary,193.255.159.29
162,Sunshine,Laffin,slaffin4h@theglobeandmail.com,Female,9.166.9.19
163,Horatio,Artus,hartus4i@amazon.co.jp,Male,147.221.116.69
164,Vivia,Devonish,vdevonish4j@prnewswire.com,Female,157.255.166.204
165,Yuri,Gillbee,ygillbee4k@usa.gov,Male,241.155.7.130
166,Ronny,Shilstone,rshilstone4l@patch.com,Male,53.180.223.253
167,Duffy,Chave,dchave4m@pcworld.com,Genderfluid,136.91.179.194
168,Catlin,Mattheissen,cmattheissen4n@lulu.com,Female,148.232.217.234
169,Darla,Pethybridge,dpethybridge4o@free.fr,Female,68.197.1.30
170,Cheslie,Stokell,cstokell4p@europa.eu,Female,167.70.156.127
171,Norman,Reston,nreston4q@wunderground.com,Male,77.149.169.252
172,Cristionna,Mabb,cmabb4r@mit.edu,Female,116.116.246.231
173,Nissie,Wasmer,nwasmer4s@accuweather.com,Female,110.64.87.230
174,Teena,Greschik,tgreschik4t@topsy.com,Polygender,23.3.119.67
175,Madge,Pallas,mpallas4u@boston.com,Female,81.54.152.119
176,Tamra,Puzey,tpuzey4v@dagondesign.com,Female,147.177.211.139
177,Palm,Fierman,pfierman4w@bbc.co.uk,Male,19.221.90.76
178,Tracy,Coupman,tcoupman4x@foxnews.com,Genderqueer,93.193.31.9
179,Elmira,O'Cannovane,eocannovane4y@free.fr,Female,253.147.137.240
180,Bunny,Roget,broget4z@etsy.com,Female,253.187.37.91
181,Hildegarde,Dowbiggin,hdowbiggin50@privacy.gov.au,Polygender,244.229.173.232
182,Goober,Baroche,gbaroche51@tmall.com,Male,208.11.92.161
183,Abagael,Wace,awace52@si.edu,Female,147.208.176.27
184,Yank,Avon,yavon53@accuweather.com,Male,137.178.138.114
185,Zebulen,Sibbert,zsibbert54@issuu.com,Male,243.97.4.60
186,Betty,Borham,bborham55@desdev.cn,Genderqueer,75.216.84.124
187,Jolene,Sagg,jsagg56@comsenz.com,Female,7.32.21.101
188,Hubey,Calyton,hcalyton57@ocn.ne.jp,Male,184.54.174.69
189,Markos,Whitlaw,mwhitlaw58@phpbb.com,Male,136.213.88.104
190,Dannie,Dwire,ddwire59@pagesperso-orange.fr,Male,167.5.133.57
191,Juliann,McSkin,jmcskin5a@jiathis.com,Bigender,179.91.126.201
192,Elisha,Carloni,ecarloni5b@goodreads.com,Male,58.76.74.80
193,Osmund,Shakesby,oshakesby5c@prlog.org,Male,139.59.8.121
194,Charisse,Souness,csouness5d@sakura.ne.jp,Female,110.12.81.102
195,Quill,Chimenti,qchimenti5e@xrea.com,Male,206.120.158.246
196,Jaquith,Driver,jdriver5f@google.co.jp,Female,50.5.232.140
197,Arnuad,Varren,avarren5g@nps.gov,Male,220.177.0.241
198,Gregorius,Eskriet,geskriet5h@rambler.ru,Male,216.93.139.29
199,Guenevere,Hutfield,ghutfield5i@scribd.com,Female,89.199.120.101
200,Chariot,Bourget,cbourget5j@nationalgeographic.com,Male,191.68.103.93
201,Feodor,Hasluck,fhasluck5k@cpanel.net,Male,76.44.166.115
202,Ailene,Kaplin,akaplin5l@so-net.ne.jp,Female,230.207.176.138
203,Skylar,Menendes,smenendes5m@state.tx.us,Non-binary,153.19.153.94
204,Case,Ivatt,civatt5n@mysql.com,Agender,113.19.240.251
205,Berenice,Branston,bbranston5o@blogger.com,Female,253.83.79.68
206,Raynard,Paulack,rpaulack5p@dmoz.org,Male,92.241.33.114
207,Stern,Kohler,skohler5q@friendfeed.com,Male,29.208.38.50
208,Raffarty,Hatherleigh,rhatherleigh5r@t-online.de,Male,241.169.171.219
209,Emmalynne,McColley,emccolley5s@weather.com,Female,160.193.244.32
210,Benni,Tomlett,btomlett5t@geocities.com,Female,172.134.195.250
211,Yetty,Harbach,yharbach5u@de.vu,Female,38.162.66.196
212,Mikaela,O'Hagirtie,mohagirtie5v@yelp.com,Female,49.201.218.112
213,Solomon,Blodgett,sblodgett5w@woothemes.com,Male,218.162.110.60
214,Ailyn,Doddemeede,adoddemeede5x@histats.com,Polygender,103.77.39.194
215,Nicolai,Blasdale,nblasdale5y@amazon.com,Male,134.0.103.239
216,Culver,Lines,clines5z@ucoz.ru,Male,201.202.35.196
217,Booth,Peacham,bpeacham60@51.la,Male,203.34.95.231
218,Rancell,Welberry,rwelberry61@sogou.com,Male,154.29.130.177
219,Aldric,Pietranek,apietranek62@furl.net,Male,166.40.236.240
220,Jamie,Connolly,jconnolly63@marketwatch.com,Male,111.153.161.42
221,Ermanno,Dizlie,edizlie64@weather.com,Male,34.159.130.175
222,Thaine,Roebottom,troebottom65@house.gov,Male,127.141.104.12
223,Missie,Mensler,mmensler66@shareasale.com,Female,5.40.94.1
224,Aldo,Barrie,abarrie67@about.me,Male,155.48.230.29
225,Meriel,Paoletto,mpaoletto68@washingtonpost.com,Female,20.231.84.86
226,Giff,Everiss,geveriss69@house.gov,Male,184.2.243.40
227,Virginia,Rickets,vrickets6a@de.vu,Female,127.159.2.223
228,Roxine,Gimeno,rgimeno6b@youtube.com,Genderfluid,170.204.44.112
229,Patrizio,Moret,pmoret6c@hao123.com,Male,2.109.219.235
230,Deeanne,Flockhart,dflockhart6d@slate.com,Female,90.178.216.224
231,Merl,Fruchon,mfruchon6e@dailymotion.com,Female,140.85.174.212
232,Dora,Clerc,dclerc6f@icio.us,Female,168.52.123.59
233,Raymund,Healing,rhealing6g@smh.com.au,Male,27.207.120.236
234,Isahella,Oddy,ioddy6h@shinystat.com,Female,130.5.21.210
235,Bertram,Roke,broke6i@mail.ru,Male,73.92.55.133
236,Pacorro,Tumini,ptumini6j@uol.com.br,Male,65.126.100.12
237,Tann,Helder,thelder6k@unblog.fr,Male,221.24.71.136
238,Faye,Blagdon,fblagdon6l@imgur.com,Bigender,51.175.231.62
239,Asia,Stannion,astannion6m@tripod.com,Female,33.239.232.97
240,Silvester,Peile,speile6n@comcast.net,Male,102.186.208.223
241,Tabbie,Trayte,ttrayte6o@1und1.de,Male,190.149.85.118
242,Karie,Steuart,ksteuart6p@oakley.com,Genderfluid,64.191.5.94
243,Katine,Scourgie,kscourgie6q@dyndns.org,Female,46.54.183.220
244,Noemi,Bond,nbond6r@ft.com,Female,127.122.134.130
245,Lodovico,Frankowski,lfrankowski6s@wufoo.com,Male,253.56.157.91
246,Dmitri,Rachuig,drachuig6t@washingtonpost.com,Male,117.119.166.211
247,Waverly,Sainte Paul,wsaintepaul6u@vistaprint.com,Male,159.105.245.233
248,Tadd,Rowles,trowles6v@instagram.com,Male,34.82.23.111
249,Marcela,Geffen,mgeffen6w@thetimes.co.uk,Female,237.156.145.187
250,Aaron,Bedome,abedome6x@xrea.com,Male,60.236.105.165
251,Berkley,Maplesden,bmaplesden6y@geocities.com,Male,221.255.155.42
252,Jefferson,Tresler,jtresler6z@gravatar.com,Male,99.118.166.65
253,Rhianon,Manginot,rmanginot70@cnbc.com,Female,130.50.255.245
254,Caspar,Ivanonko,civanonko71@senate.gov,Male,184.211.222.232
255,Trever,Truter,ttruter72@amazon.co.jp,Male,177.100.125.21
256,Melisenda,McGrirl,mmcgrirl73@dot.gov,Female,157.94.134.81
257,Christos,Daviddi,cdaviddi74@merriam-webster.com,Male,174.127.226.33
258,Sheff,Vose,svose75@parallels.com,Male,35.86.81.75
259,Gianina,Seger,gseger76@fc2.com,Female,170.176.230.239
260,June,Twydell,jtwydell77@sbwire.com,Female,100.153.83.116
261,Bev,Metzel,bmetzel78@cyberchimps.com,Female,186.230.166.172
262,Cleveland,Wibberley,cwibberley79@acquirethisname.com,Male,217.118.198.146
263,Conchita,Chsteney,cchsteney7a@wordpress.com,Female,232.58.161.10
264,Alvis,Tinmouth,atinmouth7b@last.fm,Male,197.227.253.65
265,Deeanne,Kleinsmuntz,dkleinsmuntz7c@blogs.com,Female,137.77.116.66
266,Lita,Botham,lbotham7d@stumbleupon.com,Female,124.250.179.210
267,Son,Llewellen,sllewellen7e@studiopress.com,Male,72.253.118.126
268,Hamnet,Ramel,hramel7f@opera.com,Male,189.134.167.57
269,Demetris,Sergent,dsergent7g@netlog.com,Male,233.21.58.218
270,Kalila,Clews,kclews7h@princeton.edu,Female,249.235.97.198
271,Katalin,Ziem,kziem7i@wisc.edu,Female,234.37.100.197
272,Beckie,Sallery,bsallery7j@live.com,Female,255.84.61.142
273,Sal,De Witt,sdewitt7k@com.com,Male,141.185.20.137
274,Romola,Muttitt,rmuttitt7l@goo.ne.jp,Female,134.82.195.225
275,Shelagh,Bockin,sbockin7m@flavors.me,Female,177.82.48.105
276,Keri,Wollrauch,kwollrauch7n@oakley.com,Female,244.94.13.137
277,Galina,Kellaway,gkellaway7o@ftc.gov,Female,189.243.12.196
278,Virgilio,Ounsworth,vounsworth7p@eepurl.com,Male,74.217.149.23
279,Jackquelin,Krienke,jkrienke7q@shinystat.com,Female,82.107.71.47
280,Aloise,Garci,agarci7r@free.fr,Female,142.70.165.249
281,Corrine,Fouch,cfouch7s@un.org,Female,220.60.191.89
282,Viv,Normand,vnormand7t@arstechnica.com,Female,184.117.211.181
283,Gage,Ohanessian,gohanessian7u@vimeo.com,Male,66.68.208.139
284,Merell,Steels,msteels7v@is.gd,Bigender,212.219.31.31
285,Matti,Antonowicz,mantonowicz7w@multiply.com,Female,56.141.222.77
286,Halley,Dreakin,hdreakin7x@paypal.com,Female,216.117.238.78
287,Margaretta,Di Meo,mdimeo7y@usnews.com,Female,223.31.206.139
288,Salomo,Gosalvez,sgosalvez7z@qq.com,Male,184.68.214.44
289,Rex,Serris,rserris80@cpanel.net,Bigender,212.220.69.254
290,Geoffrey,Salvin,gsalvin81@altervista.org,Male,93.96.194.16
291,Sylas,Yakubovics,syakubovics82@privacy.gov.au,Male,68.50.87.64
292,Abraham,Deetlof,adeetlof83@uol.com.br,Male,245.37.17.180
293,Giffy,Quaif,gquaif84@feedburner.com,Male,184.76.36.217
294,Heinrik,Clift,hclift85@redcross.org,Agender,48.138.155.245
295,Masha,Leafe,mleafe86@google.fr,Female,164.133.115.237
296,Livvyy,Battaille,lbattaille87@huffingtonpost.com,Female,108.235.45.176
297,Jedidiah,Aronstam,jaronstam88@earthlink.net,Male,197.105.70.173
298,Phylys,MacGillespie,pmacgillespie89@tripadvisor.com,Female,121.5.161.214
299,Lyon,Airlie,lairlie8a@adobe.com,Agender,43.186.187.18
300,Amalie,Krop,akrop8b@google.ca,Female,96.119.145.207
301,Kurtis,Huot,khuot8c@jigsy.com,Male,97.242.82.120
302,Nickola,Achromov,nachromov8d@gnu.org,Male,78.39.232.195
303,Carter,Morman,cmorman8e@huffingtonpost.com,Male,207.63.184.85
304,Alberta,Algar,aalgar8f@icio.us,Female,137.103.78.192
305,Blinnie,Izaac,bizaac8g@google.com.br,Female,230.183.41.60
306,Bibbie,Allans,ballans8h@domainmarket.com,Female,141.199.142.53
307,Dill,Keford,dkeford8i@census.gov,Male,74.182.126.110
308,Alva,Konmann,akonmann8j@cnet.com,Male,102.40.174.47
309,Kessia,Gaitone,kgaitone8k@virginia.edu,Genderfluid,168.158.83.29
310,Oberon,Rao,orao8l@hubpages.com,Male,238.3.240.80
311,Tally,Demschke,tdemschke8m@aol.com,Agender,32.87.30.29
312,Danyette,Sparrowhawk,dsparrowhawk8n@cyberchimps.com,Female,183.231.65.231
313,Elvyn,Syratt,esyratt8o@usgs.gov,Male,120.11.219.127
314,Cassandre,Janacek,cjanacek8p@friendfeed.com,Female,107.117.61.7
315,Paulie,Philliphs,pphilliphs8q@netvibes.com,Male,190.180.33.199
316,Stephen,Birchall,sbirchall8r@auda.org.au,Male,16.151.95.91
317,Skipper,Cordy,scordy8s@phpbb.com,Male,30.127.81.138
318,Daphna,Hanretty,dhanretty8t@skyrock.com,Female,154.175.195.88
319,Albrecht,Frankowski,afrankowski8u@e-recht24.de,Male,106.32.121.112
320,Rakel,Abels,rabels8v@prweb.com,Female,0.194.13.93
321,Emmanuel,Henrion,ehenrion8w@delicious.com,Male,184.34.172.64
322,Caddric,Mouser,cmouser8x@quantcast.com,Male,126.212.171.213
323,Salomi,Linsey,slinsey8y@cmu.edu,Female,174.164.141.96
324,Vidovik,Keer,vkeer8z@samsung.com,Male,48.129.36.109
325,Daniela,Hellcat,dhellcat90@opensource.org,Female,163.86.224.131
326,Pavla,Hume,phume91@moonfruit.com,Female,165.101.232.28
327,Marc,Finlator,mfinlator92@dmoz.org,Male,71.246.222.222
328,Adrien,Eynon,aeynon93@huffingtonpost.com,Male,26.197.167.111
329,Patrizio,Carlozzi,pcarlozzi94@rambler.ru,Male,58.149.76.20
330,Mirna,Burgot,mburgot95@spiegel.de,Female,71.26.157.96
331,Valma,Childs,vchilds96@scribd.com,Female,110.255.64.119
332,Joleen,Cardus,jcardus97@alibaba.com,Female,37.82.194.101
333,Phillipp,Boote,pboote98@jimdo.com,Male,114.84.88.191
334,Waverly,Gaine of England,wgaineofengland99@so-net.ne.jp,Male,6.213.22.211
335,Zarah,Binion,zbinion9a@pbs.org,Female,109.36.32.196
336,Thorstein,Vokins,tvokins9b@timesonline.co.uk,Male,170.52.26.232
337,Gertrudis,Kerner,gkerner9c@wikimedia.org,Female,177.151.130.199
338,Kelley,Benezeit,kbenezeit9d@wired.com,Male,249.10.179.80
339,Emmet,Joyes,ejoyes9e@yelp.com,Male,230.88.98.192
340,Xerxes,Laverenz,xlaverenz9f@imageshack.us,Male,172.64.168.122
341,Mischa,Brockhurst,mbrockhurst9g@furl.net,Male,99.89.12.110
342,Granger,Dewicke,gdewicke9h@microsoft.com,Male,143.52.235.120
343,Neron,Breeder,nbreeder9i@dyndns.org,Male,105.47.48.196
344,Dyann,Balsdone,dbalsdone9j@spotify.com,Female,142.160.47.168
345,Roddie,Tumasian,rtumasian9k@desdev.cn,Male,3.82.4.19
346,Yul,Dampier,ydampier9l@so-net.ne.jp,Male,41.126.53.54
347,Raeann,Emsden,remsden9m@zimbio.com,Female,25.59.93.182
348,Kennett,Ewols,kewols9n@google.it,Male,140.255.72.134
349,Adolphe,Machan,amachan9o@yandex.ru,Male,49.52.213.198
350,Clim,Klemenz,cklemenz9p@aboutads.info,Male,166.121.76.64
351,Wally,Berringer,wberringer9q@cdbaby.com,Male,99.9.208.81
352,Franklin,L'Homme,flhomme9r@pbs.org,Male,175.40.56.113
353,Claudio,Whatling,cwhatling9s@blinklist.com,Male,37.48.8.252
354,Lani,Cork,lcork9t@rambler.ru,Genderqueer,155.180.208.181
355,Felicdad,Wisham,fwisham9u@eepurl.com,Female,16.146.37.219
356,Berton,Rochester,brochester9v@google.ru,Male,207.10.78.98
357,Bern,Denziloe,bdenziloe9w@usa.gov,Male,64.155.228.142
358,Genny,Fraser,gfraser9x@ca.gov,Bigender,99.230.95.254
359,Theresa,Randell,trandell9y@angelfire.com,Female,108.229.40.118
360,Doti,Jarley,djarley9z@microsoft.com,Female,168.235.54.181
361,Lesley,Lalor,llalora0@hp.com,Male,193.127.139.205
362,Ford,Hagerty,fhagertya1@accuweather.com,Male,148.156.28.158
363,Gill,Loache,gloachea2@smh.com.au,Male,159.124.38.224
364,Jacquelyn,Sampey,jsampeya3@zimbio.com,Female,6.28.195.112
365,Wat,Pyburn,wpyburna4@moonfruit.com,Male,246.102.116.127
366,Rice,Jeanneau,rjeanneaua5@cornell.edu,Male,143.249.228.134
367,Everard,Kinzel,ekinzela6@cisco.com,Male,124.125.247.120
368,Collin,Finlow,cfinlowa7@msu.edu,Male,200.120.7.206
369,Zaneta,Whiteson,zwhitesona8@fotki.com,Female,88.174.117.7
370,Darby,Skipper,dskippera9@biblegateway.com,Female,18.139.177.106
371,Cassondra,Antcliff,cantcliffaa@oakley.com,Female,183.109.218.158
372,Trumaine,Eagar,teagarab@adobe.com,Male,224.20.135.219
373,Gregoor,Pickrill,gpickrillac@about.com,Male,79.251.54.85
374,Stinky,Edwick,sedwickad@google.pl,Male,12.213.221.124
375,Jodi,Harryman,jharrymanae@time.com,Male,176.133.181.89
376,Alric,Rizziello,arizzielloaf@goo.gl,Male,97.239.83.252
377,Valerie,Gerrets,vgerretsag@t-online.de,Female,6.147.38.56
378,Donia,Jurkowski,djurkowskiah@cpanel.net,Female,32.116.129.100
379,Dukey,Peirazzi,dpeirazziai@europa.eu,Male,112.119.226.156
380,Tris,Bruton,tbrutonaj@smugmug.com,Male,113.82.226.184
381,Sarita,Arnould,sarnouldak@usatoday.com,Female,27.43.243.152
382,Gabie,Coldwell,gcoldwellal@admin.ch,Female,214.130.249.236
383,Lynette,Pooley,lpooleyam@woothemes.com,Female,70.68.234.140
384,Deeanne,Center,dcenteran@rakuten.co.jp,Female,166.133.106.190
385,Vivianne,Owen,vowenao@goo.ne.jp,Female,105.135.232.108
386,Freda,Hamley,fhamleyap@mayoclinic.com,Female,215.78.150.79
387,Vikki,Brounfield,vbrounfieldaq@google.fr,Female,52.90.143.128
388,Finn,Gibbins,fgibbinsar@dailymail.co.uk,Male,112.4.119.175
389,Gert,Roome,groomeas@vistaprint.com,Female,171.106.241.76
390,Zuzana,Dewi,zdewiat@usnews.com,Female,142.183.189.98
391,Joellyn,Wingeat,jwingeatau@macromedia.com,Female,71.202.121.68
392,Rhonda,Delafoy,rdelafoyav@wp.com,Female,172.55.181.119
393,Turner,Rentcome,trentcomeaw@g.co,Male,198.3.2.207
394,Reina,Kondratyuk,rkondratyukax@hugedomains.com,Genderqueer,219.168.177.217
395,Man,Dymock,mdymockay@wikipedia.org,Male,63.227.254.213
396,Marlane,Batrip,mbatripaz@squarespace.com,Genderqueer,89.250.173.76
397,Berri,Danet,bdanetb0@redcross.org,Female,47.115.144.49
398,Jacquie,Billison,jbillisonb1@com.com,Female,156.40.217.169
399,Cosimo,McCuthais,cmccuthaisb2@1688.com,Male,13.206.239.60
400,Yolande,Aveson,yavesonb3@quantcast.com,Female,212.18.238.135
401,Brent,Janusz,bjanuszb4@typepad.com,Male,35.130.93.186
402,Rudolf,Donnell,rdonnellb5@engadget.com,Male,255.75.41.33
403,Malinde,Dargavel,mdargavelb6@addthis.com,Female,147.78.162.55
404,Rhea,Smelley,rsmelleyb7@mapquest.com,Agender,253.197.146.174
405,Nathalia,Purkiss,npurkissb8@people.com.cn,Female,15.0.236.210
406,Justus,Laurenzi,jlaurenzib9@geocities.com,Non-binary,213.145.47.18
407,Malvin,Crippin,mcrippinba@washingtonpost.com,Male,238.193.71.196
408,Ruddy,Fetters,rfettersbb@whitehouse.gov,Male,152.170.72.36
409,Vidovik,Po,vpobc@loc.gov,Male,5.15.238.89
410,Sammy,Whopples,swhopplesbd@delicious.com,Male,58.201.156.79
411,Colly,Impey,cimpeybe@dell.com,Female,201.66.35.9
412,Kelly,Mattiacci,kmattiaccibf@sbwire.com,Female,219.136.91.199
413,Findlay,O'Canavan,focanavanbg@upenn.edu,Male,87.241.100.179
414,Reynold,Cansfield,rcansfieldbh@google.nl,Male,170.152.95.221
415,Hugues,Pletts,hplettsbi@gizmodo.com,Male,124.106.5.147
416,Blondy,Ivens,bivensbj@kickstarter.com,Female,177.46.105.102
417,Giffard,Matteini,gmatteinibk@mapquest.com,Male,143.202.176.253
418,Rouvin,Cuttle,rcuttlebl@reuters.com,Bigender,148.16.117.76
419,Brooke,Owtram,bowtrambm@seattletimes.com,Non-binary,18.226.188.250
420,Aubert,Cawdery,acawderybn@people.com.cn,Genderfluid,88.43.50.136
421,Alleyn,Petters,apettersbo@goo.ne.jp,Male,108.44.222.174
422,Bernie,de Lloyd,bdelloydbp@typepad.com,Male,219.74.248.168
423,Sonny,Kirkbride,skirkbridebq@hexun.com,Female,58.187.25.77
424,Kerrill,Justham,kjusthambr@unicef.org,Female,12.188.56.54
425,Ernestus,Tidridge,etidridgebs@loc.gov,Male,8.177.158.219
426,Sauveur,Burnell,sburnellbt@slideshare.net,Polygender,69.117.173.23
427,Shanon,Ruby,srubybu@google.com,Female,199.154.194.251
428,Bethina,Pleavin,bpleavinbv@people.com.cn,Female,168.163.44.222
429,Glynda,Rolse,grolsebw@nymag.com,Polygender,159.179.239.109
430,Terry,Easthope,teasthopebx@soundcloud.com,Male,193.144.218.251
431,Kevin,Renne,krenneby@sitemeter.com,Male,4.47.193.30
432,Cinda,Ellerker,cellerkerbz@g.co,Female,198.34.129.67
433,Yuri,Hindenburg,yhindenburgc0@hatena.ne.jp,Non-binary,138.76.200.34
434,Jefferey,Fendlen,jfendlenc1@uiuc.edu,Male,154.80.197.222
435,Danya,Bermingham,dberminghamc2@mlb.com,Female,30.24.233.143
436,Chlo,Herche,cherchec3@wsj.com,Bigender,238.134.245.123
437,Gray,Bury,gburyc4@etsy.com,Female,207.154.7.136
438,Jasun,Sergison,jsergisonc5@howstuffworks.com,Male,64.4.166.205
439,Karola,Waggatt,kwaggattc6@dailymotion.com,Female,234.169.197.144
440,Zelda,Vassbender,zvassbenderc7@illinois.edu,Female,69.179.157.18
441,Harbert,Flook,hflookc8@berkeley.edu,Male,210.246.96.188
442,Tania,Stanfield,tstanfieldc9@friendfeed.com,Female,104.163.164.155
443,Huey,McCaskill,hmccaskillca@devhub.com,Male,148.115.44.81
444,Gregoire,Blizard,gblizardcb@sakura.ne.jp,Male,31.222.6.197
445,Giustina,Rowlatt,growlattcc@globo.com,Female,30.210.63.26
446,Marve,Brusin,mbrusincd@tamu.edu,Male,62.11.197.34
447,Gregoor,Trevena,gtrevenace@flavors.me,Male,83.10.171.42
448,Teddie,Bramwell,tbramwellcf@yandex.ru,Male,229.233.131.159
449,Merna,Braham,mbrahamcg@mac.com,Female,71.69.84.161
450,Thebault,Hofer,thoferch@alibaba.com,Bigender,101.16.17.233
451,Cass,Valde,cvaldeci@nationalgeographic.com,Female,194.136.185.71
452,Rex,Imorts,rimortscj@chron.com,Male,38.158.214.26
453,Myra,Emberton,membertonck@instagram.com,Female,15.221.154.49
454,Fredra,Duhig,fduhigcl@nymag.com,Female,211.181.229.42
455,Tabina,Inderwick,tinderwickcm@sogou.com,Female,0.249.194.52
456,Anselm,Peizer,apeizercn@youtu.be,Male,62.106.208.110
457,Rachele,Earland,rearlandco@phpbb.com,Female,154.9.163.42
458,Lew,Stallybrass,lstallybrasscp@drupal.org,Male,149.121.107.150
459,Darice,Marrian,dmarriancq@mlb.com,Female,22.153.41.34
460,Gerda,Crampton,gcramptoncr@trellian.com,Female,217.191.26.237
461,Giselle,Betjes,gbetjescs@telegraph.co.uk,Female,62.67.243.76
462,Melina,Geharke,mgeharkect@engadget.com,Female,147.106.35.29
463,Town,Zarfai,tzarfaicu@cnn.com,Male,36.130.105.53
464,Roxanne,Michelet,rmicheletcv@mapy.cz,Non-binary,27.202.168.184
465,Harper,Salterne,hsalternecw@linkedin.com,Male,233.230.135.215
466,Herminia,Hendonson,hhendonsoncx@marketwatch.com,Female,13.59.230.23
467,Edgardo,Ladloe,eladloecy@wired.com,Male,86.200.182.230
468,Rayna,Fisher,rfishercz@pagesperso-orange.fr,Female,21.119.92.141
469,Clary,O'Cassidy,cocassidyd0@usda.gov,Female,101.207.31.17
470,Ichabod,Buzine,ibuzined1@google.ru,Male,178.129.130.204
471,Eliot,Barkas,ebarkasd2@ftc.gov,Male,92.202.155.34
472,Roberta,Letts,rlettsd3@plala.or.jp,Female,210.175.44.169
473,Gillie,Lindley,glindleyd4@geocities.jp,Female,57.76.61.166
474,Dolores,Seif,dseifd5@telegraph.co.uk,Female,62.252.236.210
475,Lynette,Corwin,lcorwind6@parallels.com,Female,41.90.143.211
476,Jordanna,Okroy,jokroyd7@scribd.com,Female,62.237.195.195
477,Gannie,Duffield,gduffieldd8@alexa.com,Male,196.73.8.19
478,Abbott,Porter,aporterd9@cbslocal.com,Male,11.42.182.192
479,Phaedra,Mowsley,pmowsleyda@flickr.com,Female,68.220.94.129
480,Rice,Ruppel,rruppeldb@wisc.edu,Male,39.188.66.38
481,Giorgio,Timberlake,gtimberlakedc@de.vu,Male,167.62.136.14
482,Janis,Canon,jcanondd@google.ru,Female,221.64.140.29
483,Sabrina,Guttridge,sguttridgede@sohu.com,Female,201.248.221.52
484,Aluin,Dowtry,adowtrydf@ft.com,Genderfluid,29.68.106.86
485,Andi,Beekmann,abeekmanndg@dailymail.co.uk,Female,168.236.150.28
486,Angeli,Gruszka,agruszkadh@cam.ac.uk,Non-binary,60.170.251.203
487,Fidelity,Troy,ftroydi@opensource.org,Female,195.30.202.9
488,Rollin,Wharmby,rwharmbydj@arstechnica.com,Male,77.122.12.157
489,Rubetta,Northage,rnorthagedk@nytimes.com,Female,84.57.48.84
490,Jerad,Linley,jlinleydl@mozilla.org,Male,217.141.223.211
491,Far,Galbraith,fgalbraithdm@wunderground.com,Male,97.70.86.227
492,Teodoor,Catterill,tcatterilldn@seattletimes.com,Male,87.179.118.222
493,Bran,Bulbeck,bbulbeckdo@behance.net,Male,43.218.170.85
494,Christen,Danet,cdanetdp@smugmug.com,Female,152.234.42.16
495,Selena,Buesnel,sbuesneldq@buzzfeed.com,Female,19.62.189.212
496,Danell,Lilloe,dlilloedr@topsy.com,Female,133.55.75.37
497,Jacobo,Poundsford,jpoundsfordds@xinhuanet.com,Male,86.239.163.219
498,Consolata,Salerno,csalernodt@over-blog.com,Female,195.97.76.225
499,Julian,Gilman,jgilmandu@rediff.com,Male,174.142.250.194
500,Donny,Fennelly,dfennellydv@dot.gov,Female,141.202.33.190
501,Flora,Chasemoore,fchasemooredw@google.de,Female,69.122.79.217
502,Moll,Gorrick,mgorrickdx@pbs.org,Female,136.145.19.229
503,Orazio,Gerg,ogergdy@who.int,Male,62.206.216.20
504,Etta,Saket,esaketdz@techcrunch.com,Female,252.138.95.147
505,Mathe,Eltone,meltonee0@sohu.com,Male,63.81.26.147
506,Amaleta,Websdale,awebsdalee1@un.org,Female,50.174.223.9
507,Petronella,Bridgland,pbridglande2@twitpic.com,Female,230.175.71.215
508,Shae,Krienke,skrienkee3@usa.gov,Female,36.208.31.191
509,Heindrick,Drummond,hdrummonde4@cnbc.com,Genderqueer,201.40.20.171
510,Andree,Lillistone,alillistonee5@vk.com,Female,103.52.201.121
511,Horatio,Eddicott,heddicotte6@angelfire.com,Male,212.145.104.26
512,Oralee,De Lascy,odelascye7@oaic.gov.au,Polygender,143.23.236.204
513,Laure,Chellam,lchellame8@huffingtonpost.com,Female,86.96.153.74
514,Roseanna,Burrage,rburragee9@slashdot.org,Female,194.255.255.41
515,Deanna,Drummer,ddrummerea@vk.com,Female,240.97.65.28
516,Karrie,Ball,kballeb@yahoo.com,Female,184.107.177.173
517,Nathanil,D'Acth,ndacthec@fema.gov,Male,167.146.164.29
518,Oby,Thomton,othomtoned@amazon.de,Male,253.21.23.75
519,Shaun,Bromage,sbromageee@1und1.de,Male,177.239.127.82
520,Thor,Killoran,tkilloranef@go.com,Male,0.22.110.105
521,Rickie,McKie,rmckieeg@pbs.org,Female,82.206.223.238
522,Marquita,Savil,msavileh@washingtonpost.com,Female,131.155.120.215
523,Hernando,Zwicker,hzwickerei@mashable.com,Male,128.8.55.173
524,Addi,Duding,adudingej@canalblog.com,Female,214.255.25.23
525,Tabina,Hanstock,thanstockek@zdnet.com,Female,174.0.56.216
526,Diana,Sickert,dsickertel@psu.edu,Female,166.167.182.215
527,Daniella,Sancias,dsanciasem@wired.com,Polygender,0.243.224.207
528,Farand,Skarman,fskarmanen@tiny.cc,Female,136.2.214.180
529,Pamela,Roseaman,proseamaneo@rambler.ru,Female,46.168.39.56
530,Karilynn,Dupoy,kdupoyep@vinaora.com,Female,251.160.102.103
531,Roley,Gostling,rgostlingeq@alexa.com,Male,32.218.74.174
532,Yetta,Dessaur,ydessaurer@home.pl,Bigender,137.251.102.63
533,Tadio,McAsgill,tmcasgilles@sourceforge.net,Male,73.215.46.246
534,Danny,Ruoss,druosset@msu.edu,Male,241.15.45.65
535,Jess,Plett,jpletteu@toplist.cz,Male,97.33.79.0
536,Wren,Giorgione,wgiorgioneev@blog.com,Female,133.78.100.98
537,Clement,Quinney,cquinneyew@state.gov,Male,153.188.121.236
538,Freeman,Deadman,fdeadmanex@ameblo.jp,Male,178.126.31.65
539,Lezlie,Palay,lpalayey@chronoengine.com,Female,255.43.247.36
540,Adamo,Harring,aharringez@amazon.de,Agender,100.140.65.117
541,Deanne,Marzele,dmarzelef0@paypal.com,Female,33.188.64.159
542,Ryan,McCole,rmccolef1@gnu.org,Male,52.47.111.172
543,Donalt,Ashlee,dashleef2@amazon.co.jp,Non-binary,160.124.103.203
544,Denise,Overnell,dovernellf3@qq.com,Non-binary,64.123.174.63
545,Jessy,Gilbey,jgilbeyf4@gravatar.com,Female,165.61.211.131
546,Camile,Dunston,cdunstonf5@spiegel.de,Female,164.198.159.95
547,Dolorita,MacCauley,dmaccauleyf6@yellowpages.com,Female,1.53.28.159
548,Adriane,Lyons,alyonsf7@cocolog-nifty.com,Non-binary,20.29.80.80
549,Killian,Vellacott,kvellacottf8@redcross.org,Male,20.40.4.186
550,Dorthy,Ruller,drullerf9@oakley.com,Female,26.145.113.4
551,Bette-ann,Gooley,bgooleyfa@printfriendly.com,Genderqueer,139.16.89.204
552,Alvina,Brennand,abrennandfb@businessweek.com,Female,242.62.215.99
553,Shurwood,O' Sullivan,sosullivanfc@whitehouse.gov,Agender,55.16.246.146
554,Ailina,Jantzen,ajantzenfd@scribd.com,Female,141.170.254.160
555,Alejandrina,Antonetti,aantonettife@comsenz.com,Female,76.98.101.140
556,Carolina,Skyrme,cskyrmeff@lulu.com,Female,46.151.180.250
557,Carlyn,Gave,cgavefg@plala.or.jp,Female,128.245.26.143
558,Hoebart,Tash,htashfh@ask.com,Male,177.129.117.246
559,Elianora,Etchingham,eetchinghamfi@bandcamp.com,Female,168.111.233.131
560,Nesta,Hollington,nhollingtonfj@forbes.com,Female,102.99.217.96
561,Mikol,Dawkins,mdawkinsfk@photobucket.com,Male,144.5.11.109
562,Raf,Kearley,rkearleyfl@1688.com,Female,211.63.210.210
563,Maren,Erickson,mericksonfm@google.com.au,Female,181.86.86.25
564,Briggs,Waitland,bwaitlandfn@wikispaces.com,Male,181.135.167.27
565,Judah,Veillard,jveillardfo@prlog.org,Male,82.238.203.2
566,Bob,Pellingar,bpellingarfp@go.com,Male,214.44.126.105
567,Sue,McQuilkin,smcquilkinfq@gmpg.org,Agender,202.87.87.150
568,Gallagher,Chellam,gchellamfr@biglobe.ne.jp,Male,48.53.62.222
569,Ash,Iacovelli,aiacovellifs@tripadvisor.com,Male,43.8.216.137
570,Porter,Zarfati,pzarfatift@ovh.net,Male,135.46.45.1
571,Fremont,Halling,fhallingfu@dion.ne.jp,Male,54.238.166.59
572,Shadow,Lucks,slucksfv@yellowbook.com,Male,22.239.238.172
573,Bail,Clemmens,bclemmensfw@walmart.com,Male,205.171.135.170
574,Blondell,Le Leu,bleleufx@google.fr,Female,171.114.167.78
575,Karrie,Tobin,ktobinfy@de.vu,Female,54.9.190.184
576,Violetta,Sweetnam,vsweetnamfz@washington.edu,Female,31.117.166.149
577,Minerva,Coates,mcoatesg0@ameblo.jp,Female,231.147.2.175
578,Perkin,Sowten,psowteng1@cornell.edu,Male,50.195.251.162
579,Cal,Lewknor,clewknorg2@sun.com,Non-binary,18.109.158.57
580,Raine,Kunze,rkunzeg3@qq.com,Female,77.207.215.243
581,Meara,Paulino,mpaulinog4@lycos.com,Female,30.82.181.254
582,Laurel,Dargue,ldargueg5@phoca.cz,Female,253.145.247.229
583,Hersh,Safhill,hsafhillg6@csmonitor.com,Male,147.231.4.250
584,Rene,Jane,rjaneg7@netscape.com,Female,148.97.222.63
585,Tamar,Maffioni,tmaffionig8@skyrock.com,Female,241.17.191.220
586,Cilka,Orknay,corknayg9@myspace.com,Female,145.138.119.53
587,Cecilla,Maruszewski,cmaruszewskiga@uol.com.br,Female,81.141.170.167
588,Gardie,Hover,ghovergb@springer.com,Male,189.166.173.27
589,Chaim,Hub,chubgc@chronoengine.com,Male,206.35.59.137
590,Consuela,Kildahl,ckildahlgd@issuu.com,Female,242.0.255.66
591,Leonhard,Pennuzzi,lpennuzzige@prlog.org,Male,70.40.67.27
592,Andy,Stockow,astockowgf@nba.com,Polygender,239.39.105.209
593,Rod,McRoberts,rmcrobertsgg@hexun.com,Male,114.135.79.8
594,Llewellyn,Fawthorpe,lfawthorpegh@shutterfly.com,Male,171.57.137.9
595,Jacquenette,Dolder,jdoldergi@livejournal.com,Female,116.119.244.212
596,Cari,Waslin,cwaslingj@paypal.com,Genderqueer,83.225.154.248
597,Annice,Lutty,aluttygk@accuweather.com,Female,194.147.87.123
598,Sibylla,Bebb,sbebbgl@vinaora.com,Female,31.155.51.246
599,Carissa,Goulder,cgouldergm@reverbnation.com,Female,46.243.73.194
600,Revkah,Crowder,rcrowdergn@dailymotion.com,Female,120.122.133.174
601,Gay,Nurse,gnursego@upenn.edu,Genderfluid,213.175.184.59
602,Tanny,Ainge,taingegp@smugmug.com,Male,164.181.224.52
603,Colleen,Kerman,ckermangq@feedburner.com,Female,27.224.51.135
604,Jayson,Royle,jroylegr@blogger.com,Male,117.169.217.121
605,Dillie,Fairholm,dfairholmgs@blogspot.com,Male,178.4.199.61
606,Sunshine,Venn,svenngt@indiatimes.com,Polygender,118.183.162.228
607,Gerta,Elgie,gelgiegu@forbes.com,Female,48.124.126.228
608,Judas,Hattiff,jhattiffgv@comsenz.com,Male,194.9.233.182
609,Flossie,Rummery,frummerygw@zimbio.com,Female,175.35.75.0
610,Collie,Linke,clinkegx@networkadvertising.org,Female,126.175.248.108
611,Dukie,Marcam,dmarcamgy@forbes.com,Male,128.206.81.189
612,Burch,Piddington,bpiddingtongz@eepurl.com,Male,7.116.8.81
613,Fredelia,Venney,fvenneyh0@jigsy.com,Female,88.15.200.62
614,Reginald,Blowen,rblowenh1@constantcontact.com,Male,101.168.47.229
615,Rebekkah,Ewence,rewenceh2@list-manage.com,Female,97.102.142.173
616,Prentiss,Littlejohns,plittlejohnsh3@narod.ru,Male,167.205.32.55
617,Lucian,Haney`,lhaneyh4@people.com.cn,Male,107.91.20.34
618,Gretal,Von Der Empten,gvonderemptenh5@vistaprint.com,Female,210.250.68.63
619,Philis,Duffyn,pduffynh6@sogou.com,Female,196.232.255.41
620,Felike,Hartmann,fhartmannh7@a8.net,Male,48.203.95.68
621,Gaspar,Palmar,gpalmarh8@usgs.gov,Male,209.9.57.96
622,Raymund,Kobisch,rkobischh9@sphinn.com,Male,13.122.179.121
623,Boris,Hawkwood,bhawkwoodha@aboutads.info,Male,19.78.43.171
624,Caz,Downing,cdowninghb@indiegogo.com,Male,242.251.13.105
625,Boniface,Brosel,bbroselhc@patch.com,Male,135.148.215.64
626,Luciana,Meriet,lmeriethd@edublogs.org,Female,18.220.90.145
627,Augy,Caghy,acaghyhe@hc360.com,Genderqueer,20.155.136.144
628,Geneva,Keeping,gkeepinghf@house.gov,Female,177.231.206.247
629,Pru,Northwood,pnorthwoodhg@ezinearticles.com,Female,192.100.22.217
630,Xymenes,Matteau,xmatteauhh@51.la,Male,133.223.145.249
631,Lars,Hedaux,lhedauxhi@fema.gov,Male,143.9.43.97
632,Gladi,Bolduc,gbolduchj@apple.com,Female,92.83.120.233
633,Lula,Monketon,lmonketonhk@ow.ly,Female,203.80.120.165
634,Veriee,Siberry,vsiberryhl@twitter.com,Female,126.230.31.140
635,Frieda,Downes,fdowneshm@nsw.gov.au,Female,64.159.78.185
636,Winnah,Windows,wwindowshn@blogs.com,Female,66.115.104.231
637,Filberte,Kaysor,fkaysorho@buzzfeed.com,Male,117.160.7.251
638,Hazlett,Quarterman,hquartermanhp@ustream.tv,Male,99.177.99.102
639,Oberon,Balas,obalashq@aol.com,Male,29.162.241.120
640,Skippy,Ravillas,sravillashr@ustream.tv,Male,184.147.242.46
641,Cathee,Espina,cespinahs@addthis.com,Female,30.114.195.108
642,Lilia,Grigsby,lgrigsbyht@answers.com,Female,240.86.38.160
643,Enos,Cartmer,ecartmerhu@moonfruit.com,Agender,191.144.20.242
644,Orelie,Durram,odurramhv@list-manage.com,Female,182.151.56.57
645,Ammamaria,Aronovich,aaronovichhw@tripod.com,Female,182.15.209.231
646,Dawn,Schulze,dschulzehx@jimdo.com,Female,206.127.54.175
647,Cherlyn,Fentem,cfentemhy@answers.com,Female,96.140.130.76
648,Tine,Lacoste,tlacostehz@epa.gov,Female,229.106.207.38
649,Charmion,Auchinleck,cauchinlecki0@zdnet.com,Female,241.139.191.238
650,Ebony,Orsi,eorsii1@discuz.net,Bigender,146.17.133.80
651,Alia,Burr,aburri2@yahoo.co.jp,Bigender,27.175.11.20
652,Dionisio,Lethem,dlethemi3@upenn.edu,Male,192.94.15.47
653,Katerina,Lindeman,klindemani4@youtu.be,Female,214.101.61.33
654,Morris,McSorley,mmcsorleyi5@goo.ne.jp,Male,6.231.234.167
655,Rolph,Mochan,rmochani6@upenn.edu,Male,225.27.34.119
656,Lindsay,Chevins,lchevinsi7@cdc.gov,Female,237.241.227.252
657,Marlow,Canning,mcanningi8@rediff.com,Male,199.43.114.209
658,Meryl,Shirrell,mshirrelli9@spotify.com,Female,105.223.99.220
659,Gayleen,Macknish,gmacknishia@elegantthemes.com,Female,33.170.242.125
660,Aymer,Scane,ascaneib@loc.gov,Male,166.189.178.217
661,Andee,Haire,ahaireic@amazon.com,Female,162.92.82.68
662,Vaclav,Dublin,vdublinid@slate.com,Genderfluid,206.92.100.235
663,Aland,Karlqvist,akarlqvistie@cpanel.net,Male,231.157.245.2
664,Elyn,Ricket,ericketif@netscape.com,Female,207.202.166.2
665,Netta,Saxby,nsaxbyig@wsj.com,Agender,32.174.175.101
666,Fabe,Hurt,fhurtih@mozilla.org,Male,116.250.75.25
667,Bernadene,Whiston,bwhistonii@xrea.com,Female,177.183.35.184
668,Cordy,Janks,cjanksij@php.net,Male,138.62.95.166
669,Loise,Wenzel,lwenzelik@apple.com,Female,227.196.43.66
670,Alexine,Kenion,akenionil@vinaora.com,Female,211.158.53.189
671,Charley,Derrington,cderringtonim@europa.eu,Male,116.93.48.51
672,Samson,Lydden,slyddenin@webmd.com,Male,17.24.10.169
673,Joan,Colegate,jcolegateio@biglobe.ne.jp,Female,238.210.157.58
674,Fred,Ensor,fensorip@photobucket.com,Male,253.125.56.143
675,Elissa,Haggerston,ehaggerstoniq@alibaba.com,Non-binary,119.26.230.216
676,Grace,Cuffe,gcuffeir@answers.com,Female,145.8.117.42
677,Tarah,Corradeschi,tcorradeschiis@ustream.tv,Female,115.1.196.25
678,Gertruda,Case,gcaseit@apple.com,Female,73.252.34.235
679,Golda,Forsdicke,gforsdickeiu@washingtonpost.com,Female,170.82.147.222
680,Aurthur,Ottawell,aottawelliv@google.com.br,Male,101.189.85.215
681,Justus,Whapples,jwhapplesiw@yahoo.co.jp,Male,169.75.182.129
682,Friedrich,Pendleberry,fpendleberryix@istockphoto.com,Male,77.104.250.55
683,Herminia,Suerz,hsuerziy@ibm.com,Bigender,7.41.178.140
684,Louisette,O'Donnelly,lodonnellyiz@cloudflare.com,Female,107.73.164.6
685,Lizzie,Leavy,lleavyj0@hugedomains.com,Female,91.179.136.7
686,Alysia,Squirrell,asquirrellj1@netlog.com,Female,193.157.102.254
687,Kylila,Pudsey,kpudseyj2@eventbrite.com,Female,235.167.2.6
688,Kev,Reagan,kreaganj3@mediafire.com,Male,139.1.81.225
689,Winthrop,Middlemass,wmiddlemassj4@google.com.hk,Male,111.215.236.107
690,Ainsley,McClosh,amccloshj5@cpanel.net,Female,52.210.63.38
691,Burg,Bernetti,bbernettij6@sourceforge.net,Male,69.108.73.133
692,Birk,Norcliffe,bnorcliffej7@trellian.com,Male,150.242.73.121
693,Bernarr,Gordon-Giles,bgordongilesj8@mozilla.com,Male,239.172.143.171
694,Gilemette,Westgate,gwestgatej9@webeden.co.uk,Female,97.204.98.80
695,Lauritz,Antcliff,lantcliffja@webeden.co.uk,Male,80.216.180.153
696,Guido,Ridolfo,gridolfojb@alibaba.com,Male,217.245.11.238
697,Broddie,Jest,bjestjc@ed.gov,Male,93.181.75.198
698,Sallyann,Dainter,sdainterjd@edublogs.org,Female,18.227.198.39
699,Reece,Esser,resserje@mozilla.org,Male,227.148.196.226
700,Cos,Matterface,cmatterfacejf@flickr.com,Male,241.184.1.219
701,Camile,Furmenger,cfurmengerjg@blog.com,Female,82.194.70.253
702,Moe,Clery,mcleryjh@netvibes.com,Male,25.252.30.181
703,Kaila,Mollen,kmollenji@seattletimes.com,Female,193.93.96.110
704,Elizabeth,Reymers,ereymersjj@simplemachines.org,Female,6.245.249.174
705,Chad,Yezafovich,cyezafovichjk@wordpress.org,Male,206.107.186.127
706,Trumann,Stuttard,tstuttardjl@people.com.cn,Male,74.56.69.247
707,Robbert,Kirrens,rkirrensjm@example.com,Agender,183.78.125.127
708,Bron,Avory,bavoryjn@ed.gov,Agender,17.20.167.224
709,Sissie,Parnell,sparnelljo@soup.io,Female,152.180.29.233
710,Hayley,Filippyev,hfilippyevjp@amazonaws.com,Female,14.116.7.21
711,Corney,D'Antoni,cdantonijq@un.org,Male,70.121.82.181
712,Brade,Staunton,bstauntonjr@ycombinator.com,Male,141.69.168.0
713,Bridgette,Hallatt,bhallattjs@tamu.edu,Female,127.157.1.17
714,Berti,Sidebottom,bsidebottomjt@list-manage.com,Male,41.90.88.139
715,Alida,Tortis,atortisju@uiuc.edu,Female,95.91.180.164
716,Susy,Tulk,stulkjv@mysql.com,Female,66.66.23.161
717,Lezley,Tirrey,ltirreyjw@pinterest.com,Male,74.11.204.174
718,Artemus,Hofer,ahoferjx@sina.com.cn,Male,23.110.22.40
719,Gustavus,Mc Comb,gmccombjy@virginia.edu,Male,101.242.227.135
720,Rosie,Whatsize,rwhatsizejz@marketwatch.com,Female,170.178.195.249
721,Jefferson,Durrell,jdurrellk0@examiner.com,Male,18.156.105.189
722,Gleda,Maccrae,gmaccraek1@umich.edu,Female,73.206.120.212
723,Olivette,Meekins,omeekinsk2@nasa.gov,Female,133.174.191.114
724,Vasili,Bugbee,vbugbeek3@buzzfeed.com,Male,119.89.131.135
725,Midge,Caro,mcarok4@tripod.com,Female,40.202.140.117
726,Rurik,Bundy,rbundyk5@wikispaces.com,Male,116.92.23.1
727,Faydra,Battista,fbattistak6@independent.co.uk,Genderqueer,76.23.12.186
728,Darryl,Yetton,dyettonk7@yellowbook.com,Male,80.217.128.26
729,Gaultiero,Tytcomb,gtytcombk8@wsj.com,Male,201.128.59.233
730,Jedidiah,Soppett,jsoppettk9@angelfire.com,Male,214.162.113.16
731,Cristie,Aguirrezabal,caguirrezabalka@ehow.com,Female,226.249.214.183
732,Guenna,Salterne,gsalternekb@deviantart.com,Female,41.12.100.39
733,Catherine,Burdas,cburdaskc@list-manage.com,Female,222.226.104.29
734,Tybi,Ginie,tginiekd@bbc.co.uk,Agender,1.145.24.75
735,Pincas,Selvey,pselveyke@huffingtonpost.com,Genderqueer,68.253.104.38
736,Major,Lukianov,mlukianovkf@umich.edu,Male,235.142.22.60
737,Kinnie,Lauks,klaukskg@harvard.edu,Male,113.196.13.109
738,Madelena,Wheater,mwheaterkh@yellowpages.com,Female,43.2.113.163
739,Moise,Routhorn,mrouthornki@wired.com,Male,103.184.88.33
740,Ludovico,Dufton,lduftonkj@istockphoto.com,Male,236.13.95.113
741,Ynes,Standish-Brooks,ystandishbrookskk@woothemes.com,Female,216.184.143.210
742,Laurena,Tonge,ltongekl@simplemachines.org,Female,186.149.226.193
743,Emalee,Lumb,elumbkm@naver.com,Female,49.30.89.89
744,Stanfield,Szwarc,sszwarckn@sun.com,Male,50.86.126.57
745,Zachary,Chittie,zchittieko@miitbeian.gov.cn,Male,228.220.179.30
746,Dorey,Jaggli,djagglikp@over-blog.com,Male,172.112.179.197
747,Ardelle,Spittle,aspittlekq@foxnews.com,Female,44.241.112.197
748,Lilith,Fassam,lfassamkr@shinystat.com,Female,126.224.112.168
749,Ozzy,Dukelow,odukelowks@yandex.ru,Male,122.90.79.159
750,Angelita,Ginnelly,aginnellykt@nps.gov,Female,207.126.23.164
751,Von,Deverell,vdeverellku@businessweek.com,Male,95.179.2.68
752,Natasha,Natt,nnattkv@nba.com,Female,118.123.82.66
753,Halette,Tarbett,htarbettkw@adobe.com,Female,125.31.185.37
754,Jarrad,Piburn,jpiburnkx@liveinternet.ru,Male,226.126.102.230
755,Ross,Haysham,rhayshamky@seattletimes.com,Male,216.232.221.212
756,Eleni,Turnor,eturnorkz@wordpress.org,Female,159.98.221.157
757,Randi,Eastmond,reastmondl0@de.vu,Male,252.80.223.101
758,Anthea,Barks,abarksl1@wufoo.com,Non-binary,161.228.83.159
759,Antony,Otridge,aotridgel2@reverbnation.com,Male,22.193.227.108
760,Steffi,Hall,shalll3@theguardian.com,Female,16.255.209.16
761,Nara,Piggin,npigginl4@loc.gov,Female,184.138.186.199
762,Tracy,Jager,tjagerl5@marketwatch.com,Agender,99.20.156.186
763,Neill,Stoneman,nstonemanl6@cpanel.net,Male,150.92.165.199
764,Barnabas,Gout,bgoutl7@abc.net.au,Male,130.173.27.230
765,Ganny,McCambridge,gmccambridgel8@nps.gov,Male,8.255.10.140
766,Ashby,Mawford,amawfordl9@prnewswire.com,Male,158.120.13.66
767,Kaiser,Ulyet,kulyetla@imageshack.us,Non-binary,128.253.255.152
768,Jessi,Folliss,jfollisslb@google.it,Female,6.227.255.145
769,Celine,McCloughlin,cmccloughlinlc@etsy.com,Female,98.12.29.94
770,Nicolis,Lackner,nlacknerld@shutterfly.com,Male,18.57.157.177
771,Jaquenetta,Davisson,jdavissonle@unc.edu,Female,186.10.139.161
772,Bob,O'Towey,botoweylf@alibaba.com,Male,15.163.173.130
773,Josy,O'Flynn,joflynnlg@jugem.jp,Female,28.205.219.217
774,Sasha,Hardwicke,shardwickelh@psu.edu,Male,43.251.157.175
775,Thibaud,Simion,tsimionli@discovery.com,Male,175.181.18.161
776,Friedrich,Trimmell,ftrimmelllj@joomla.org,Male,2.19.201.104
777,Edward,Ribeiro,eribeirolk@nbcnews.com,Male,161.99.195.68
778,Maddie,Ibbison,mibbisonll@theguardian.com,Female,244.107.203.143
779,Martie,Canario,mcanariolm@tiny.cc,Male,176.248.163.150
780,Greta,Tiddy,gtiddyln@gmpg.org,Female,150.186.25.110
781,Olympie,Bariball,obariballlo@bing.com,Agender,26.11.151.44
782,Moyna,Crayden,mcraydenlp@studiopress.com,Female,20.116.119.143
783,Xenia,Warbeys,xwarbeyslq@shinystat.com,Female,1.213.149.227
784,Aura,Charlet,acharletlr@ucoz.com,Female,98.4.212.97
785,Friedrich,Hegley,fhegleyls@sourceforge.net,Genderqueer,32.62.78.224
786,Barnie,Lightoller,blightollerlt@shop-pro.jp,Male,211.155.218.22
787,Alfredo,Coxhead,acoxheadlu@phoca.cz,Male,198.77.94.44
788,Anabel,Ivashin,aivashinlv@gnu.org,Female,217.83.72.198
789,Gardy,Mouan,gmouanlw@nhs.uk,Male,198.219.62.178
790,Jocelyne,Povele,jpovelelx@addthis.com,Female,63.154.202.152
791,Larisa,Sibylla,lsibyllaly@upenn.edu,Female,216.19.43.16
792,Kristofor,Yeomans,kyeomanslz@biblegateway.com,Male,37.68.209.69
793,Irina,Lauga,ilaugam0@rakuten.co.jp,Female,38.143.185.22
794,Benedetto,Adshead,badsheadm1@washingtonpost.com,Male,218.55.224.16
795,Jerome,Malcher,jmalcherm2@miibeian.gov.cn,Male,230.35.150.121
796,Andrei,Kitchingman,akitchingmanm3@sogou.com,Female,23.171.177.27
797,Dian,Draayer,ddraayerm4@mysql.com,Female,176.170.229.55
798,Carolann,Wellstood,cwellstoodm5@state.tx.us,Female,183.10.124.31
799,Irvin,Baudains,ibaudainsm6@yandex.ru,Male,33.21.208.127
800,Maighdiln,Garred,mgarredm7@furl.net,Female,6.118.50.208
801,Emmit,Miettinen,emiettinenm8@ucoz.com,Male,3.228.119.83
802,Lucien,Erskine,lerskinem9@livejournal.com,Male,117.111.161.214
803,Dorette,Chilles,dchillesma@exblog.jp,Female,158.228.100.82
804,Baryram,Catton,bcattonmb@imageshack.us,Male,55.74.94.27
805,Foss,Sainthill,fsainthillmc@mapquest.com,Male,227.123.137.93
806,Bourke,Johnes,bjohnesmd@huffingtonpost.com,Male,137.21.188.212
807,Minette,Chadbourne,mchadbourneme@scribd.com,Female,119.210.1.233
808,Irwin,Anniwell,ianniwellmf@twitter.com,Male,9.223.250.91
809,Edgar,Songust,esongustmg@mit.edu,Male,40.51.176.252
810,Justina,Ludwig,jludwigmh@buzzfeed.com,Female,109.232.182.208
811,Hilly,McAuliffe,hmcauliffemi@chron.com,Male,40.199.98.52
812,Elbert,Hallgath,ehallgathmj@flickr.com,Male,121.23.56.124
813,Karney,Fonquernie,kfonquerniemk@who.int,Male,13.194.168.239
814,Wilt,Geri,wgeriml@amazon.co.jp,Male,9.119.217.235
815,Mattias,Lynagh,mlynaghmm@barnesandnoble.com,Male,102.210.115.88
816,Auroora,Gumey,agumeymn@myspace.com,Genderfluid,65.58.89.210
817,Aundrea,Brito,abritomo@discovery.com,Female,68.168.63.231
818,Abe,Joint,ajointmp@google.ru,Male,176.166.27.222
819,Glory,Braune,gbraunemq@thetimes.co.uk,Female,93.105.13.200
820,Isacco,Merrisson,imerrissonmr@sakura.ne.jp,Male,4.198.195.47
821,Britt,Scones,bsconesms@macromedia.com,Polygender,118.3.45.241
822,Claudina,McElory,cmcelorymt@prweb.com,Female,228.11.175.154
823,Tarrah,Semor,tsemormu@wufoo.com,Female,216.105.11.237
824,Eal,Ducker,educkermv@skype.com,Male,176.195.152.154
825,Flinn,Matveichev,fmatveichevmw@adobe.com,Male,17.111.218.166
826,Kimmy,Irce,kircemx@behance.net,Female,26.39.74.218
827,Mac,Ebbin,mebbinmy@cafepress.com,Male,106.83.190.169
828,Goldarina,Colbridge,gcolbridgemz@soup.io,Female,116.177.117.188
829,Leigh,Craine,lcrainen0@java.com,Female,16.92.3.25
830,Dorella,Fiddyment,dfiddymentn1@cpanel.net,Female,136.40.150.208
831,Archambault,Lubeck,alubeckn2@about.me,Male,224.58.235.43
832,Ozzy,Peck,opeckn3@omniture.com,Male,40.78.65.170
833,Sue,Sloane,ssloanen4@csmonitor.com,Female,128.37.210.247
834,Dorita,Albutt,dalbuttn5@tuttocitta.it,Female,13.165.42.190
835,Nance,Yelding,nyeldingn6@symantec.com,Female,148.163.194.171
836,Pearl,Tolchard,ptolchardn7@odnoklassniki.ru,Polygender,67.124.196.143
837,Kelby,Dohmer,kdohmern8@ehow.com,Male,25.117.39.112
838,Kirby,MacCafferty,kmaccaffertyn9@blinklist.com,Male,186.82.32.214
839,Moyna,Pechold,mpecholdna@bbb.org,Female,57.150.139.24
840,Margie,Pharoah,mpharoahnb@google.ca,Female,13.213.111.231
841,Linn,Buttrum,lbuttrumnc@rediff.com,Male,155.119.213.244
842,Garner,Dineges,gdinegesnd@usgs.gov,Male,3.19.106.133
843,Toby,Parlett,tparlettne@mail.ru,Male,151.224.108.216
844,Charlton,Hairsnape,chairsnapenf@edublogs.org,Male,136.8.99.230
845,Tymothy,Sentinella,tsentinellang@lulu.com,Male,154.181.66.136
846,Anabel,Trevorrow,atrevorrownh@odnoklassniki.ru,Female,29.247.119.76
847,Nappy,Ram,nramni@yandex.ru,Genderqueer,212.41.187.208
848,Melisenda,Vooght,mvooghtnj@1und1.de,Female,186.166.35.24
849,Brad,Foxhall,bfoxhallnk@wufoo.com,Male,25.200.101.85
850,Wolf,Lightfoot,wlightfootnl@vkontakte.ru,Male,38.205.187.11
851,Mabel,Lean,mleannm@census.gov,Female,78.143.23.69
852,Graig,Ilyunin,gilyuninnn@yahoo.co.jp,Male,157.1.124.32
853,Alick,Patters,apattersno@cafepress.com,Male,232.48.33.149
854,Emmery,Strutley,estrutleynp@example.com,Male,90.28.124.155
855,Shel,Rowatt,srowattnq@cdc.gov,Female,88.131.2.55
856,Hammad,Stolworthy,hstolworthynr@weebly.com,Bigender,52.155.95.248
857,Jolie,Capaldi,jcapaldins@nationalgeographic.com,Female,216.154.89.189
858,Price,Cushworth,pcushworthnt@163.com,Male,146.58.122.184
859,Wayne,Purslow,wpurslownu@123-reg.co.uk,Male,165.200.189.40
860,Myrlene,Haseldine,mhaseldinenv@shareasale.com,Female,85.26.180.181
861,Elset,Klees,ekleesnw@pinterest.com,Female,147.185.50.217
862,Sigmund,Meadowcroft,smeadowcroftnx@illinois.edu,Male,168.249.15.173
863,Kristian,Ramelot,kramelotny@rediff.com,Male,184.166.127.245
864,Ansley,Caudell,acaudellnz@disqus.com,Female,109.253.251.252
865,Fawn,Wharby,fwharbyo0@cbsnews.com,Female,76.153.148.81
866,Kippie,Marchi,kmarchio1@ft.com,Male,185.175.29.229
867,Jacklyn,Abad,jabado2@webs.com,Female,144.74.106.188
868,Tore,Gabb,tgabbo3@meetup.com,Male,136.236.124.101
869,Lon,Lardner,llardnero4@cbsnews.com,Male,56.108.194.80
870,Clay,Newey,cneweyo5@sbwire.com,Male,84.178.69.218
871,Padget,Nesbitt,pnesbitto6@mac.com,Male,201.45.231.55
872,Wendell,Bredbury,wbredburyo7@marriott.com,Male,255.244.42.236
873,Troy,Bythell,tbythello8@biblegateway.com,Male,7.253.218.16
874,Naomi,Shreenan,nshreenano9@washingtonpost.com,Female,113.253.28.150
875,Nadiya,Borrott,nborrottoa@drupal.org,Female,147.69.73.175
876,Franky,Klimmek,fklimmekob@slideshare.net,Female,129.89.113.95
877,Winnie,Brearley,wbrearleyoc@furl.net,Female,69.157.135.221
878,Melisa,Sans,msansod@hc360.com,Female,133.113.29.181
879,Regan,MacMoyer,rmacmoyeroe@fda.gov,Male,131.28.83.28
880,Maggie,Reis,mreisof@rakuten.co.jp,Female,162.166.245.137
881,Elysia,Foard,efoardog@xinhuanet.com,Female,121.172.68.85
882,Julita,Noorwood,jnoorwoodoh@privacy.gov.au,Female,131.141.212.49
883,Patrice,Aliman,palimanoi@typepad.com,Male,33.254.113.170
884,Lilyan,Serman,lsermanoj@nydailynews.com,Female,8.235.254.176
885,Florencia,Grubb,fgrubbok@shinystat.com,Female,228.147.49.17
886,Ninon,Bugg,nbuggol@example.com,Female,95.4.211.94
887,Stewart,Draysay,sdraysayom@freewebs.com,Male,143.165.225.231
888,Rosa,Girkin,rgirkinon@bravesites.com,Female,14.8.69.56
889,Orran,Tavner,otavneroo@wired.com,Male,173.202.20.37
890,Hershel,Uttley,huttleyop@nba.com,Male,236.204.25.243
891,Garrek,Devine,gdevineoq@omniture.com,Male,202.169.102.232
892,Leslie,Gebbe,lgebbeor@example.com,Female,159.32.199.43
893,Caroljean,Muslim,cmuslimos@nature.com,Female,41.136.46.11
894,Cornie,Balden,cbaldenot@twitter.com,Male,73.91.187.98
895,Rosaleen,Pester,rpesterou@google.it,Female,156.67.5.226
896,Skell,Tenbrug,stenbrugov@reverbnation.com,Male,135.181.213.29
897,Melisent,MacEntee,mmacenteeow@vinaora.com,Female,106.32.11.51
898,Amanda,Perigo,aperigoox@free.fr,Polygender,172.140.216.153
899,Debora,Merrigans,dmerrigansoy@deviantart.com,Female,18.15.39.1
900,Chrissy,Pollastro,cpollastrooz@eventbrite.com,Bigender,73.35.22.141
901,Halli,Farryann,hfarryannp0@simplemachines.org,Female,96.170.107.53
902,Halley,Snook,hsnookp1@reddit.com,Female,179.92.38.171
903,Yorker,McKeurtan,ymckeurtanp2@g.co,Male,152.252.145.31
904,Rozalin,Doorbar,rdoorbarp3@slideshare.net,Female,245.158.98.143
905,Shell,Latch,slatchp4@google.com.au,Male,218.63.43.66
906,Monro,Chazerand,mchazerandp5@cnbc.com,Male,105.25.126.206
907,Melania,Abbay,mabbayp6@tripod.com,Female,138.170.187.43
908,Corie,Nassi,cnassip7@redcross.org,Female,153.34.250.205
909,Dyane,Rowthorn,drowthornp8@newsvine.com,Female,228.137.133.171
910,Tony,Wakley,twakleyp9@epa.gov,Male,242.49.243.20
911,Oates,Woolfitt,owoolfittpa@yolasite.com,Male,102.137.37.9
912,Sharleen,Stanistrete,sstanistretepb@wikispaces.com,Female,191.82.164.130
913,Ed,McLeod,emcleodpc@google.ru,Non-binary,148.100.141.102
914,Pammie,Burkinshaw,pburkinshawpd@angelfire.com,Female,219.11.28.32
915,Essy,Heild,eheildpe@wordpress.com,Female,181.50.250.130
916,Dagny,Trayes,dtrayespf@cargocollective.com,Male,79.74.80.184
917,Poppy,Coghill,pcoghillpg@theatlantic.com,Female,214.250.68.227
918,Rebekkah,Perree,rperreeph@cbc.ca,Female,33.206.121.220
919,Tina,cornhill,tcornhillpi@digg.com,Female,96.84.220.210
920,Bale,Ferrieri,bferrieripj@rakuten.co.jp,Male,22.94.214.28
921,Gar,Semeradova,gsemeradovapk@technorati.com,Male,78.245.30.137
922,Magdaia,Fitzsymons,mfitzsymonspl@answers.com,Female,231.71.40.77
923,Jeniece,Adderley,jadderleypm@nature.com,Female,212.47.209.71
924,Frederique,Yates,fyatespn@google.co.jp,Female,18.172.177.235
925,Archer,Thowless,athowlesspo@example.com,Male,96.208.39.197
926,Feliks,Ethridge,fethridgepp@patch.com,Male,221.99.236.48
927,Ferdinande,Borrell,fborrellpq@wisc.edu,Female,249.82.108.208
928,Beale,Butcher,bbutcherpr@t.co,Male,228.140.207.88
929,Krista,Blowes,kblowesps@quantcast.com,Female,121.188.107.91
930,Talya,Snowding,tsnowdingpt@answers.com,Female,68.157.73.42
931,Greggory,Fowley,gfowleypu@npr.org,Male,215.15.225.121
932,Nan,Bugge,nbuggepv@gravatar.com,Female,100.67.180.143
933,Arlyn,Swires,aswirespw@jalbum.net,Female,213.200.176.14
934,Sheilah,Wrighton,swrightonpx@disqus.com,Female,93.115.210.144
935,Andonis,Harbach,aharbachpy@nba.com,Male,231.27.143.116
936,Mala,Kintish,mkintishpz@slashdot.org,Female,20.250.15.21
937,Eadie,Rowlin,erowlinq0@statcounter.com,Female,245.33.41.10
938,Alexandra,Kauscher,akauscherq1@eventbrite.com,Polygender,33.133.197.237
939,Allene,Cornbill,acornbillq2@walmart.com,Female,114.190.175.115
940,Carly,Kemston,ckemstonq3@usgs.gov,Male,163.156.36.112
941,Catherina,Pengilley,cpengilleyq4@ovh.net,Female,42.20.90.54
942,Avrom,Dredge,adredgeq5@walmart.com,Male,16.213.30.28
943,Alistair,Exrol,aexrolq6@vk.com,Male,45.85.5.128
944,Sydney,Baldetti,sbaldettiq7@about.me,Male,131.16.226.239
945,Pamela,Goude,pgoudeq8@nationalgeographic.com,Female,239.233.181.183
946,Allyson,Pithie,apithieq9@reuters.com,Female,215.117.233.205
947,Jamill,Cartmel,jcartmelqa@stumbleupon.com,Male,41.161.155.204
948,Stephan,Ropkes,sropkesqb@github.io,Male,125.82.33.255
949,Vance,Cordelle,vcordelleqc@cam.ac.uk,Genderqueer,10.228.109.71
950,Alex,de Cullip,adecullipqd@fotki.com,Female,37.197.10.24
951,Frederik,Glentworth,fglentworthqe@blog.com,Male,89.136.67.69
952,Delainey,Colyer,dcolyerqf@timesonline.co.uk,Male,203.229.116.228
953,Pincus,Renachowski,prenachowskiqg@xrea.com,Male,239.199.49.35
954,Maryl,Verzey,mverzeyqh@pagesperso-orange.fr,Female,5.25.249.147
955,Gustave,Pfiffer,gpfifferqi@census.gov,Male,184.124.64.9
956,Madelene,Le Floch,mleflochqj@1und1.de,Female,54.50.217.97
957,Emilie,Edelman,eedelmanqk@cdc.gov,Female,118.215.176.231
958,Mercie,Anderson,mandersonql@disqus.com,Female,73.150.178.247
959,Valaria,Maciaszczyk,vmaciaszczykqm@loc.gov,Agender,58.112.148.113
960,Tina,Duffus,tduffusqn@engadget.com,Female,208.79.157.71
961,Henrietta,Mewes,hmewesqo@ovh.net,Female,101.49.137.133
962,Pate,Winsor,pwinsorqp@oaic.gov.au,Male,43.76.254.28
963,Uta,Pinniger,upinnigerqq@census.gov,Female,51.223.149.88
964,Frannie,Ebertz,febertzqr@dell.com,Female,27.198.81.246
965,Niall,Covey,ncoveyqs@home.pl,Male,152.111.134.34
966,Katha,Allebone,kalleboneqt@illinois.edu,Female,216.163.204.97
967,Sunshine,Pennington,spenningtonqu@mail.ru,Female,249.11.141.151
968,Gunner,Debnam,gdebnamqv@squarespace.com,Male,191.233.36.177
969,Winslow,Clinch,wclinchqw@jimdo.com,Male,120.60.61.242
970,Obidiah,Pagan,opaganqx@photobucket.com,Male,50.190.132.106
971,Cash,Mesnard,cmesnardqy@simplemachines.org,Male,203.92.171.197
972,Brandyn,Shakelady,bshakeladyqz@hhs.gov,Male,82.125.81.27
973,Laurette,Hume,lhumer0@princeton.edu,Female,74.232.32.37
974,Bibby,O'Heffernan,boheffernanr1@intel.com,Polygender,66.191.11.34
975,Norrie,Mynott,nmynottr2@bing.com,Female,73.112.255.161
976,Reeta,Gregoletti,rgregolettir3@delicious.com,Female,36.229.226.101
977,Vladamir,Vowels,vvowelsr4@51.la,Male,232.87.97.128
978,Inna,Colquite,icolquiter5@cafepress.com,Female,155.131.255.205
979,Fredi,Swafford,fswaffordr6@exblog.jp,Female,238.39.152.138
980,Hillel,Tooker,htookerr7@goo.ne.jp,Male,168.108.175.226
981,Donni,Witcher,dwitcherr8@eventbrite.com,Female,164.172.167.202
982,Filberte,Wankling,fwanklingr9@miibeian.gov.cn,Male,109.112.150.12
983,Fulvia,Linsley,flinsleyra@harvard.edu,Female,190.200.152.107
984,Angeline,Cayley,acayleyrb@latimes.com,Female,30.135.152.141
985,Ulrica,Prestidge,uprestidgerc@psu.edu,Polygender,32.64.25.32
986,Darya,Thorne,dthornerd@theatlantic.com,Female,143.72.239.224
987,Lotty,Spragge,lspraggere@123-reg.co.uk,Female,252.167.182.199
988,Cyndia,Kynge,ckyngerf@youtube.com,Female,124.221.91.88
989,Ricki,Thal,rthalrg@biglobe.ne.jp,Male,82.159.159.149
990,Laureen,Shand,lshandrh@auda.org.au,Female,113.10.213.56
991,Jolie,Rapson,jrapsonri@rediff.com,Female,10.191.175.230
992,Octavius,Lacer,olacerrj@rediff.com,Male,169.84.2.34
993,Rivkah,Stallworth,rstallworthrk@dell.com,Agender,110.113.71.5
994,Gaelan,Trivett,gtrivettrl@etsy.com,Male,152.251.45.186
995,Hester,Parzizek,hparzizekrm@bbc.co.uk,Female,201.112.231.9
996,Rickard,Tatteshall,rtatteshallrn@virginia.edu,Male,90.63.68.183
997,Asher,Peterken,apeterkenro@storify.com,Male,159.250.111.96
998,Adela,Colvine,acolvinerp@homestead.com,Female,100.217.70.114
999,Chrysler,Matthessen,cmatthessenrq@oaic.gov.au,Female,113.228.59.109
1000,Ring,Ricoald,rricoaldrr@xrea.com,Male,235.183.9.82
